A1	A2	A3	A4	A5	A6	A7	A8	A9	A10	A11	A12	B1	B2	B3	B4	B5	B6	B7	B8	B9	B10	B11	B12	C1	C2	C3	C4	C5	C6	C7	C8	C9	C10	C11	C12	D1	D2	D3	D4	D5	D6	D7	D8	D9	D10	D11	D12	E1	E2	E3	E4	E5	E6	E7	E8	E9	E10	E11	E12	F1	F2	F3	F4	F5	F6	F7	F8	F9	F10	F11	F12	G1	G2	G3	G4	G5	G6	G7	G8	G9	G10	G11	G12	H1	H2	H3	H4	H5	H6	H7	H8	H9	H10	H11	H12
0.523899993320974	0.612512075849822	0.570121466241825	0.522836415226931	0.616950673802036	0.554171702546215	0.517223294053612	0.62135364925046	0.596194647138955	0.553427084613282	0.582303513034319	0.593787098238216	1.71568059018915	1.70645045399282	1.67662733912769	1.70163309084928	1.74183475706469	1.60384269182357	1.6418964739711	1.65561357317249	1.75107769244363	1.92237107873858	1.80015870663841	1.84948471757626	0.635607011549426	0.598556945832179	0.643883721909063	0.637509332538719	0.630017336666359	0.652100513971389	0.647395681694357	0.61520030063097	0.682753820065515	0.69540139464997	0.667232036117332	0.644379548650988	0.591407016609874	0.654236674894138	0.602038266866202	0.665252750131777	0.638211135506844	0.66723407492518	0.640127558250418	0.691927152809864	0.675158298061317	0.687818332027066	0.68978697090497	0.619959954185693	1.67075613886094	1.73219561336062	1.70561963979475	1.74817726174563	1.87316682993609	1.77040287243227	1.7217386811753	1.77865279512212	1.76357128040201	1.86054751549375	1.84919520686184	1.94468084688249	0.625797457489396	0.633687020892117	0.644981393401009	0.599710684539945	0.663626630972338	0.632618062610697	0.58651314153849	0.565114210800672	0.611069506030255	0.641422314501005	0.569501895190236	0.582354256696313	1.6133401383822	1.75381671752032	1.7191988929322	1.80495228369038	1.71484241362942	2.71616890804708	1.58364048465898	1.57282778050418	1.77828807505153	1.64299527813407	1.74272526302586	2.07722057360253	0.566323903457156	0.611845952019037	0.617176585038305	0.576156507372578	0.584823083099595	0.595623384506654	0.528701046001722	0.590782235271562	0.55388355103703	0.552791826067974	0.594550971578602	0.530461499944924
0.523841762800432	0.616726828931877	0.561796408057984	0.522778302921137	0.616882100869524	0.554110107380877	0.517165805635911	0.621284586935327	0.600239633285641	0.549108901330847	0.586683351187463	0.584371147045218	1.7549768742692	1.73979907067775	1.70875793392623	1.74073829035603	1.7841202051424	1.63819312389078	1.6956670712502	1.70630563395111	1.799072518998	1.96792310651037	1.8608268074307	1.90878567686052	0.639859742787599	0.594362856593777	0.643812155417798	0.6297119685198	0.629947311398306	0.659565971463568	0.647323724855222	0.607442733582023	0.674785679224913	0.699414232182442	0.675711195107085	0.630791000894665	0.599911478333537	0.658252445619046	0.609840274999992	0.672824564073702	0.638140199513123	0.678341361295243	0.640056409249835	0.69185024637963	0.678985439712021	0.69583295459212	0.685478943855717	0.615431367182216	1.72611373506174	1.78090672158382	1.77599951677978	1.78606546466176	1.90286608996265	1.80731733430713	1.7513577130442	1.82007851309513	1.80610018805338	1.90866132340499	1.88689607105111	1.99329823321916	0.621442067335983	0.629528779344639	0.640977338324221	0.611102156786478	0.663552870093048	0.63254774827674	0.578977287597796	0.56505139939567	0.611001586778723	0.649418310450282	0.565220488383933	0.573399616075391	1.6780332302847	1.79900966274315	1.77458779927228	1.87030881504243	1.76764325902962	2.85485317602273	1.63247637582612	1.61856985414576	1.82911724254206	1.68754264548864	1.79353244797399	2.15308630783682	0.570650589275591	0.611777946466962	0.621141376603339	0.572173466087831	0.588605167022581	0.59937487844982	0.524811504570023	0.582943970296663	0.549837694123527	0.548605541646766	0.598792750251782	0.53040254012499
0.524016493208304	0.625501064155023	0.566116021437021	0.526975347944296	0.621043579007892	0.562157305596289	0.517338309240193	0.629511101403092	0.604552470055568	0.566324365958195	0.591325085391426	0.584566067374453	1.77750686008199	1.74457313127743	1.72953267345146	1.75704185412208	1.80403039783026	1.65792854744966	1.71165299754766	1.71470452537681	1.80770684593064	1.9727414240499	1.86579667454407	1.9277381011381	0.640073171654439	0.594561109714722	0.648002385734056	0.637651095788115	0.637749660080351	0.652245521868647	0.65132643816662406	0.63072049659805	0.682905644352832	0.699647525788907	0.684492756042402	0.649030003449828	0.608684579746032	0.662561917789291	0.610043690702127	0.676873113145008	0.642108071119942	0.682296018540741	0.655246974505651	0.692081016975488	0.679211919178236	0.704158881419897	0.681474819377214	0.629020092618553	1.74805947491532	1.79780736563692	1.77659191154855	1.78666121698486	1.89602147140421	1.8301943458503	1.7817621184916	1.83582644545938	1.83778572232136	1.90124175353941	1.9043783638783	2.01172688710543	0.638798293515904	0.63382793417228	0.637257461726769	0.607485324211022	0.667524346672621	0.640202947972549	0.5903801710473	0.56523987551288	0.615098396155601	0.657704964027882	0.569628535593881	0.586930194234479	1.70455059059992	1.82850255208484	1.80297893208746	1.88250547463148	1.78337834629969	2.91968528625778	1.65942083349256	1.64207589719721	1.85721263102868	1.71657962606737	1.81113665671586	2.15828224652261	0.575231972253611	0.611982008490467	0.63345276675419	0.591965809937101	0.596498237934018	0.614850569271388	0.540314665390885	0.598688801005878	0.557992397787892	0.565293462766015	0.603301779820932	0.544184106907155
0.515632231919768	0.621908273091628	0.570882982002611	0.515480364689621	0.609854563095591	0.554911914081228	0.51396061491340606	0.634225907691512	0.592873844626959	0.558429075201815	0.583081300451551	0.571171575107248	1.78387910026405	1.7633084060656	1.74359424758192	1.75506243511669	1.80217110549993	1.65977397103319	1.70583941902443	1.71269397311042	1.82178386793899	2.00410302964406	1.89399758651173	1.94821997201225	0.640785630661178	0.599356443088411	0.652703578839078	0.634492043954051	0.646060266512714	0.660520374583451	0.655842376195834	0.616022028548109	0.683665779753937	0.70861839362133	0.67668896063874	0.658776736896624	0.605070802055165	0.667393869541318	0.614662879218412	0.68145491499124	0.6428227951528	0.69425310332834	0.670970121645405	0.708078862319009	0.687783661400643	0.708994035343695	0.686470843485072	0.634186324671854	1.76284134911733	1.80797086851769	1.79427423636908	1.79627743205157	1.91310722495308	1.83223151676064	1.79867214803165	1.85302757330883	1.83205197544226	1.91545566622823	1.92336977495503	2.01841189428582	0.622341304521576	0.634533441668019	0.63796678659512	0.611986431946565	0.672021680289398	0.629736807639825	0.583555843013861	0.573464554787514	0.623577791857692	0.654397539269143	0.574486738067348	0.587583500327795	1.7107790169388	1.84293424355138	1.8248644249502	1.88846276886337	1.78157285063163	2.96807704057643	1.65749233319237	1.65156758310394	1.85141816629182	1.72663490848064	1.83017750963745	2.19654659774665	0.571476330333091	0.616859509972608	0.622040178684354	0.573001410773844	0.597162194120499	0.607888568646477	0.525570915696404	0.591571347785282	0.56260360933654	0.55766100583471	0.5910310225542	0.531170041574414
0.52023181426646	0.622046751887685	0.562734611812256	0.519623245811235	0.613951299649214	0.555035474961673	0.514075057268097	0.626337133972197	0.588887740494292	0.56281719878875	0.57875909445607	0.571298756486697	1.80185542667602	1.77629884142241	1.77230698630032	1.77513320792862	1.82191328481747	1.67167237312544	1.73324085065826	1.73659571969104	1.83827945973216	2.01705144915538	1.91183927129846	1.93031356954309	0.636597714974241	0.599489900323567	0.64090653165172	0.642372734093616	0.630999327616407	0.656892159845742	0.652196613768717	0.62386116961028	0.679865292879977	0.708776179948122	0.663988286979903	0.636357554769243	0.605205531692675	0.675733164685863	0.614799744700313	0.689265176916826	0.654246030010279	0.694407690971032	0.671119524923438	0.708236528509684	0.687936808508503	0.713204225900733	0.695100548057486	0.629860466823789	1.78035275022052	1.82061980033122	1.790746684232	1.78141900707776	1.90229922763324	1.84379145975126	1.77667751632287	1.85344018243226	1.84413156381105	1.90378182268242	1.93645472803971	2.04554236783482	0.618186888451244	0.634674731679524	0.634169907441338	0.615948475090397	0.66841616276704	0.626149951951296	0.594910463821325	0.573592246739148	0.615920170899964	0.658583661374612	0.574614657626036	0.596619095341199	1.71549202454918	1.86814293312122	1.83720072407353	1.91205980575218	1.80092666352141	3.01765256763004	1.66541425422666	1.66726644868439	1.86755722356127	1.73109245483292	1.83909943042735	2.210486937765	0.571603579571642	0.629588655840711	0.630258937641008	0.58883118883525	0.601148673359692	0.611847997674362	0.533362235979855	0.599488652443428	0.56272888290798	0.566048697853211	0.60410779422283	0.544911139782115
0.524716582043585	0.626336736919425	0.571010099121739	0.523651346179188	0.625834238276044	0.562908350760746	0.506166219832281	0.642397067756333	0.593005858397751	0.558553419239936	0.592115098865563	0.575981540153206	1.8150397341227	1.78049818497858	1.77230698630032	1.77906924877539	1.8335178894514	1.67935818034726	1.73324085065826	1.74835596901144	1.84632442954681	2.02538638093696	1.92054924778373	1.95323894280109	0.645258910690428	0.607758694457757	0.648868120384335	0.642372734093616	0.64620412317415	0.653116925371478	0.659780264984587	0.627712184442096	0.703581481815363	0.708776179948122	0.681123439669551	0.649897111002867	0.618082293406838	0.671637792234035	0.622681809434958	0.689265176916826	0.650485996984985	0.694407690971032	0.671119524923438	0.700621056350261	0.703571725661546	0.721308810352951	0.703577341122173	0.634327537391666	1.77179331345751	1.83286604224407	1.80645499942596	1.79667740475967	1.90229922763324	1.84379145975126	1.8028051769057	1.85723044819002	1.85191277714171	1.91184880056498	1.93223575873227	2.04554236783482	0.631065805594738	0.630580096611414	0.638108841101153	0.615948475090397	0.672171317715425	0.637331184887048	0.594910463821325	0.581189511192902	0.619818435011602	0.662624013656661	0.578839752890531	0.592166715725872	1.74148423341507	1.87640911805148	1.83720072407353	1.92364807450065	1.80471806371566	3.04399123340007	1.67296710549182	1.66726644868439	1.87542057009383	1.75145831248148	1.84335663024453	2.21497068454928	0.558412692393313	0.621194166143396	0.634299063035759	0.584905641526021	0.601148673359692	0.611847997674362	0.52568794328841	0.595595833626944	0.56272888290798	0.553653447707358	0.599792738144654	0.526747393526706
0.51649458931510706	0.618652166339625	0.571837742257939	0.536512105521341	0.622774662682237	0.559782107405439	0.510860026252402	0.631265787269418	0.60211349990756	0.567902926460922	0.58851489693763	0.581505903341872	1.80886827946813	1.77887347459651	1.76677137403992	1.77770615159046	1.82068033860044	1.67409535683049	1.73188721829617	1.74303864645231	1.84900056039575	2.03666906353416	1.92769414974222	1.95607003949597	0.646194172797572	0.604499212750912	0.66176824983958	0.647179154837709	0.647140755307194	0.661625046856698	0.668331274923395	0.632478553506841	0.69272599678412	0.718009361034459	0.690690708058739	0.655358822877826	0.623276583172817	0.676712597302756	0.635424524589055	0.701768631788122	0.666490824052551	0.699152976193994	0.683356340926307	0.716889526205205	0.696762719027505	0.730470633531054	0.717330836785933	0.635246955162442	1.77864728091232	1.83961073910401	1.81693888375294	1.80310164701423	1.91630675760715	1.86135475727841	1.81663202833305	1.87510542466134	1.86628557509917	1.93077701855896	1.93926149707355	2.05741367144245	0.631980495690929	0.631494082703057	0.635089096737439	0.613009934731624	0.67690618546843	0.630789996636881	0.599519770672572	0.582031908745082	0.620716822753284	0.659538236867741	0.583909963889892	0.593025024043905	1.74400840500994	1.87912885475955	1.85181076982422	1.93417276402375	1.82252158472783	3.06347569053528	1.67917397876131	1.67735977135659	1.88207630274678	1.74175976031323	1.85881845692708	2.2271616362866	0.568028747407802	0.634704533391896	0.63926442083653	0.581822188232269	0.605879096471731	0.620394005398377	0.537977990557545	0.604255977854956	0.571538044146996	0.571006869576216	0.596340789421464	0.536605888990099
0.507568701237102	0.62301783290089	0.57190150650217	0.524468821518897	0.610942617623862	0.555901944258001	0.506956399033625	0.639378652308904	0.593931603493377	0.563695816182042	0.584121588231125	0.572190614491917	1.80906998199706	1.7832777316545	1.78317910884644	1.78184656473021	1.83638020551433	1.6896776423222	1.7359466236187	1.75108533827618	1.84114920911176	2.03272219583038	1.93227100271902	1.95628815613731	0.667952963442569	0.616989229706545	0.673803068443992	0.65887858570424	0.65863430109903	0.676823335130361	0.672203572383599	0.64797712955006	0.716556510219651	0.730399493882802	0.699348704956039	0.668992536463672	0.627645037806556	0.689093296367079	0.635495379241663	0.705682095803164	0.66656514283311	0.710448542933799	0.694697923745451	0.728410505903031	0.712499795082711	0.730552086545498	0.721655866137852	0.653214080192404	1.79599109785486	1.83572734070431	1.8250079049862	1.80330270651992	1.92027106118662	1.85039293857291	1.80188119735909	1.87531451313421	1.86649368009194	1.92291274354529	1.95215395165118	2.05764308866719	0.640650295704956	0.643867694386693	0.631214831233902	0.616910036046158	0.684503643118167	0.630860334504481	0.592091799553905	0.582096809716173	0.62469033029098	0.667705156594215	0.579743383191654	0.593091150830707	1.74420287517107	1.88761736757707	1.86794859375227	1.93051987977228	1.8189274907314	3.08642850160336	1.69827293818245	1.68522439077959	1.89016190419738	1.7501129719267	1.85902572927954	2.24986371364148	0.576899683145515	0.6305715105666	0.643382136126058	0.593682035523449	0.609806239726648	0.61280315734959	0.538037979182719	0.596525621948841	0.583593422190512	0.566932359959583	0.613694455296367	0.550309815161755
0.520463594981214	0.622323894570638	0.571264503264809	0.523884650410054	0.618187598743942	0.559220953588704	0.506391733853146	0.642683277187278	0.605629863631074	0.571599311131149	0.587924939923547	0.57623815923993	1.83343534167096	1.81069961766265	1.78524116798876	1.78379956476223	1.84594444452257	1.69548496722686	1.74946087553108	1.75305682550976	1.85117130604	2.03879672638326	1.94754648807814	1.9816317447786	0.654211392990508	0.624574484397593	0.66110485997006	0.654273247325137	0.646492028775921	0.672292549944447	0.671454849313445	0.635697255694167	0.699940529570016	0.721388378234836	0.69428403578885	0.659216997580671	0.635534221287389	0.692422958028769	0.642673119457096	0.697234147068071	0.669584408282526	0.705922184211203	0.693924145706082	0.723789745095836	0.703885190453554	0.729738372927158	0.716611748176992	0.648017390716127	1.79399066223685	1.85818626855206	1.83083280635468	1.81274308058925	1.91063953877669	1.86692679675899	1.82601338898646	1.88460158775854	1.87609167974972	1.9409472547913	1.95420042556552	2.0642489338766	0.648526468914251	0.639054016663251	0.646274517156992	0.620050378916903	0.683741219813291	0.63015766093074	0.591432307685388	0.585248746876669	0.63179447416747	0.675045805547679	0.579097645406856	0.6057936357501	1.74226012302675	1.88964980941779	1.84995442131359	1.92450512421083	1.82448768656368	3.10181238297714	1.6850469063905	1.67567830132516	1.89592342786785	1.76038855031164	1.87825045277536	2.26081497268725	0.567459326743214	0.625670043832772	0.638623589940169	0.593020772396334	0.601416505248024	0.612120596470386	0.541277578583829	0.60365024118747	0.574957831260209	0.566300891525678	0.604376944498715	0.545153915963795
0.51160408833205	0.62675541120881	0.567251280838299	0.524001380501501	0.610398105486942	0.551467475531143	0.51046162828184	0.63880879611255	0.605764807896589	0.550393581247063	0.583600980754983	0.566994726812715	1.81625299597706	1.79849673293914	1.7815898226531801	1.78813569644841	1.83861429025473	1.68432621837258	1.73439943411458	1.765215545769	1.85158377736487	2.05176175861877	1.94362242052355	1.96372081747998	0.658690654660225	0.616439328432297	0.673202530949835	0.654419030134256	0.65424352901764	0.672442347749693	0.679193180966695	0.643546020787161	0.711962508799958	0.725648814668746	0.698725399514901	0.659363881938421	0.631380762435539	0.672086747977506	0.627041650578504	0.705053145628651	0.654683360244243	0.702343605911994	0.686575239254165	0.716330454605001	0.704042027617202	0.725845941246368	0.716771421026408	0.639221666462571	1.80723807348429	1.85451541794483	1.82338133822596	1.79406118628355	1.92605391870612	1.86734277866557	1.82268535029195	1.88122870854055	1.87650970374253	1.93330735942236	1.95463585346783	2.06470888239128	0.635783501961309	0.635098979494818	0.642476951080995	0.616360205354495	0.668862965014878	0.634027639399045	0.595308131243666	0.57397566401638	0.620232752147305	0.659023891094782	0.583454597385076	0.592562549091999	1.74698329554998	1.88593499915677	1.85434593336067	1.93652972339148	1.82110027778787	3.11756414710118	1.68920131245607	1.67988703909362	1.89241151254951	1.7485531564437	1.85736884360282	2.23888499963279	0.571985667525901	0.62580945337908	0.634723059735649	0.589224792571103	0.605406597176354	0.619910186543899	0.529879078635416	0.599889380152281	0.571092325975312	0.566427072651241	0.6045116095933	0.540731370677347
0.520927776559793	0.622878921455428	0.571773992230932	0.520318393966166	0.622705234068783	0.563661405410594	0.51872249200739	0.647276830687683	0.597922747565445	0.56783961509788194	0.592907226088126	0.576752084019631	1.82186856722807	1.80390470219434	1.78278152153121	1.80115557960167	1.84371739539015	1.70084515005529	1.75875188862825	1.76247088885804	1.85685016109974	2.05313417451082	1.95364413103791	1.96044327089417	0.65913125041585	0.620991590464319	0.673652833646122	0.650981915479371	0.658487448412052	0.672892141962234	0.675850564103553	0.643976486352905	0.712438737902834	0.734339081584757	0.699192774364075	0.659804928013296	0.636101029957433	0.688939652376807	0.635353685734585	0.705524753083921	0.662651458672702	0.710290137461573	0.68703448690584	0.728248095533822	0.720168848967232	0.738504625383484	0.721494961819873	0.648595332647646	1.81701781589747	1.85984351383059	1.82460099129501	1.79908098657206	1.91984290710386	1.87231413187717	1.82764194050395	1.87110104646057	1.87776489417982	1.94671708274649	1.97284130147177	2.07944832476682	0.640507452829659	0.647824303781165	0.646850904686229	0.620603378140017	0.684351022461953	0.630719674452195	0.599452934577737	0.581967022244665	0.6245510459364	0.667556281419946	0.588075615584631	0.588500576025073	1.76984107285601	1.88719649413948	1.86355013216036	1.94169298481548	1.83750440786553	3.14979110839519	1.70167575971594	1.68868657860852	1.90942529895841	1.76195857354492	1.87139980239705	2.26283130711105	0.572368266634614	0.622025195128203	0.639193153899982	0.593549664946967	0.609670274009875	0.620324842187073	0.545602574611503	0.608086583558009	0.571474327531149	0.579217729258881	0.596274307728106	0.550187115091485
0.507795193294772	0.618997242291398	0.568010653369542	0.524702854906456	0.615184133584252	0.556150004027861	0.515107336499559	0.627594839060494	0.594196633213811	0.555402727931848	0.588843162721286	0.572445942744702	1.83189517418298	1.81773523563654	1.79208379577424	1.79052945240082	1.84495147664543	1.69428224638316	1.75219318836658	1.76757861878877	1.850031908321	2.05868426193587	1.96367925749674	1.97553814493098	0.66825102366722	0.625549946555287	0.678092527086556	0.674682554168049	0.670354741146521	0.688473856210177	0.687701345052814	0.652125023764426	0.720836913019997	0.743041038893272	0.716830335509167	0.669291060576328	0.636526800392478	0.69350438612029	0.635778955939227	0.717507817336402	0.681932916941108	0.721988177440505	0.69876470286157	0.740181633630841	0.728484045980632	0.738998939055092	0.734718640698629	0.666933742097605	1.81394577059048	1.85699803563953	1.83369220609687	1.79646287461861	1.92488023699964	1.87356735418766	1.82138533948794	1.8837470869991	1.87902176492559	1.93589545495037	1.95302506006334	2.08084019111539	0.640936172677604	0.648257921119706	0.647283870485885	0.62101877531414	0.677283754737433	0.638610966382805	0.592356008299801	0.593775309993568	0.628875177409665	0.668003106240174	0.58846924049466	0.59781712565313	1.76668504753979	1.90502513158941	1.87276676618276	1.93912213265974	1.83873433049463	3.15943991145264	1.6838946084942	1.69365739443613	1.91464298643575	1.76313793001985	1.87691816111774	2.27782417064206	0.581562904357529	0.639264236191718	0.651765708318807	0.59394695387932706	0.613939601741051	0.620740052924815	0.538278067526843	0.604593023804228	0.579854820351331	0.575465397405246	0.609644582932133	0.546005338857983
0.51206047021281	0.62301783290089	0.563613100278511	0.512365655538203	0.610942617623862	0.548016834874432	0.502995807048316	0.635357443655279	0.58980705677071	0.55942538042073	0.584121588231125	0.567500520503003	1.83988131520035	1.81271868503293	1.79128447204732	1.78578863653382	1.84412857232935	1.7089222698999	1.75914411697094	1.7707163900131	1.8733794381987	2.05359205456758	1.95407982330621	1.99761815719944	0.680965038585766	0.641834451126118	0.685764038060305	0.678257342573318	0.681477127290734	0.69951016003697	0.694990099495357	0.671119175977959	0.724474228757497	0.746812976506868	0.725091587084199	0.678032998409138	0.653438651598078	0.705500302608589	0.651284118190498	0.724858266881037	0.696692365521059	0.729144552736501	0.717228690556592	0.747478850892372	0.728159120001158	0.758962442941806	0.73863597542526	0.671110370370097	1.80456389680728	1.85208134286753	1.84467395191308	1.79948220891518	1.9240216820322	1.86528543707249	1.82431129618874	1.88290687866414	1.87818366422759	1.93503198686163	1.96483039110889	2.09327341859642	0.64494998880852	0.643867694386693	0.646995162247488	0.632237020280773	0.680742682784651	0.642059022531792	0.607081443791836	0.585901343606014	0.632498972912081	0.683891965828796	0.588206765365091	0.602009811335808	1.77023577425495	1.90417543260119	1.87591420343481	1.94599479821898	1.82272480970383	3.15803070542612	1.70583758025021	1.68522439077959	1.91772663818705	1.75419252483371	1.87608099869083	2.28129893836439	0.581303509663347	0.6305715105666	0.643382136126058	0.601545386534042	0.609806239726648	0.624293168971207	0.538037979182719	0.600424517868741	0.579596187514421	0.566932359959583	0.605050870618807	0.550309815161755
0.51660978828674	0.623087311860732	0.571965284968379	0.528562092049849	0.607043125546662	0.555963938452743	0.507012934820291	0.631406584813138	0.598122788631877	0.568029591549906	0.57972724282418	0.567563808171176	1.84008649879745	1.80871447123384	1.79959050323472	1.8017581743088	1.83658499866761	1.70911284894194	1.75934029675426	1.77091386033651	1.87761757122823	2.07469325733437	1.96302228885923	1.99324832340638	0.689716663985718	0.654329967778406	0.697802874798632	0.682209188168626	0.685360697372262	0.703369719110002	0.679874873687638	0.663479162396232	0.736433009644416	0.755103889222951	0.716590512713747	0.687150025982454	0.649212145916671	0.701476756822962	0.667147192299556	0.736446020670731	0.696770060666093	0.740444723819262	0.713553091461379	0.743748104085517	0.736070859942534	0.746869841333743	0.734472833190867	0.657761469723002	1.80476514180525	1.87273247060574	1.82914507791728	1.79968288720323	1.92423624896451	1.86549345373772	1.82451474341704	1.88691346658818	1.87059900319035	1.9473683765179	1.96927530856276	2.08459822781264	0.649322029431487	0.652142524489663	0.654958417394427	0.628475353989513	0.680818599220782	0.645863937267174	0.595905630204432	0.578356766991251	0.632569509208826	0.675873897870755	0.584040199189076	0.61099660259499	1.76609398529572	1.90852779258273	1.87214021323322	1.93847337985524	1.83432142098908	3.17345863457934	1.71359341459779	1.68541232703372	1.91006411638864	1.76662806235842	1.88908306943036	2.28604459605981	0.58577265427376	0.634846097913674	0.647500769830951	0.597680356920463	0.613734202075029	0.62436279015655	0.549628648154873	0.612189355762797	0.583658504539367	0.583550211892397	0.613762894512972	0.55946822260131
0.512689326433904	0.615179036992855	0.560155918311418	0.525112916309196	0.603748858789603	0.552637273681762	0.50361353104938	0.640163866685972	0.594661004815072	0.56866376548264	0.58483894197351	0.5728933159276	1.84654792797392	1.8233668813294	1.81377268033485	1.81166367844674	1.85415132401447	1.71487460943346	1.76130450385122	1.76896000210143	1.87568011630746	2.05611404994552	1.96084686599936	1.97708205103956	0.699172064964019	0.646768618081464	0.698581933495516	0.694612382177546	0.708996687411951	0.715512364505787	0.699646047183493	0.664219900547841	0.733291447227874	0.743621734134118	0.717390546779522	0.669814119348689	0.671458012319409	0.71458026962633	0.671844057840058	0.756467943461071	0.735253243309675	0.774965536131122	0.729388730076217	0.767488527765075	0.74865153129044	0.768021722211895	0.752293851154115	0.689852765693552	1.81536339037323	1.85435586500346	1.82724917851024	1.79786683131419	1.92262932641751	1.86384847806521	1.83403748212249	1.90042263659761	1.87268742454035	1.93336374672941	1.97570464153196	2.09138474315434	0.650046961919409	0.652870605905862	0.647789730382436	0.633013464092662	0.689109911045006	0.642847528644089	0.604075009521208	0.594239352325817	0.641093970760475	0.676628474065766	0.588929136071691	0.602749133421852	1.77240978268598	1.91065855934904	1.87024260229657	1.94838465450796	1.83636934040517	3.18077482843042	1.7117194679821	1.69113750252522	1.91219659837635	1.77676941801465	1.88692315884504	2.29758936252107	0.568789754996157	0.635554868816782	0.656326472665561	0.610157146176208	0.629876467406451	0.628894602403144	0.550242278441972	0.612872831654014	0.584310127297589	0.580058393597428	0.614448127174034	0.555539241623119
0.521450971514489	0.627804549828175	0.57649569510304	0.516803436711478	0.62333064943611	0.564227519979135	0.515279786227212	0.635853761265544	0.598523272588109	0.576957412539614	0.597965129493066	0.572637588523994	1.84131856207083	1.82255296909579	1.8048513559395	1.79901930924466	1.86107820352032	1.70255339761142	1.75277979472359	1.77209960781582	1.88290667566579	2.06355070891911	1.97306705423406	1.99917862222571	0.733585941923209	0.68792094466559806	0.738171277628127	0.756362865032466	0.754401546671492	0.775738395781122	0.729739547422963	0.675503412109618	0.756735945911519	0.780248967487876	0.755714834575372	0.714752634939187	0.692669794635704	0.738891001926807	0.699195980991072	0.802188988655703	0.780151177315372	0.827009328387036	0.747853414382061	0.78241257505453	0.767906824332326	0.779864288239526	0.768951416680826	0.694022426027591	1.80597355502374	1.85761972898926	1.83036981516396	1.80088789750601	1.91801755484639	1.85929046271554	1.82947753669461	1.88817688370675	1.87575116406656	1.93654356189879	1.97905135795331	2.09045119344196	0.662665893504633	0.664891984443137	0.663293285686948	0.651904539858563	0.718913891052996	0.664975504073026	0.611306040067442	0.597781602355366	0.644715142827461	0.6803763191474	0.597136300926342	0.611405706446744	1.77596084140619	1.91394834657519	1.87737959785776	1.94751493699674	1.84695048004055	3.19821235467482	1.7147407821335101	1.69806619320751	1.91528397839639	1.78822441129523	1.89888229227739	2.29206951305488	0.590572135597001	0.652099551656056	0.664132632382692	0.625623772126581	0.64118292768376	0.647778931673917	0.557688939287949	0.616501142981725	0.592049961151594	0.583940938515693	0.618499018947885	0.550739696726997
0.508248784356223	0.628155043659031	0.564368276384288	0.513052166019049	0.607788712235029	0.548751113795657	0.511601560457547	0.640235345456258	0.594727402872778	0.568727260766861	0.593834057392863	0.563564527130231	1.84234654250968	1.81093598297832	1.79774275383971	1.80002367464732	1.83884074174324	1.71121202729593	1.74988687816033	1.76915751885021	1.86378694780061	2.06470275822065	1.96980107051663	1.99109800807321	0.781770361227022	0.729769166831306	0.778506783146107	0.818880321566276	0.819630711290267	0.83296450695211	0.745358341265574	0.702915784222762	0.780943459170473	0.797119986640918	0.769025454536656	0.73325676392011	0.714579961326564	0.763946969795578	0.715396168722502	0.86408272679795906	0.84092196019758	0.909843757387052	0.759551407398259	0.801943221689664	0.780095793544123	0.792491872261817	0.769380710682992	0.689929792576724	1.82415026011919	1.86684471055127	1.83926864194064	1.81719600017086	1.92284400142046	1.86778470295513	1.83049890646722	1.89303229365033	1.88070021223682	1.93762470502178	1.97592524276483	2.10945718232305	0.671646701398517	0.673476341660264	0.67156432975722	0.667616008964784	0.73437947573822	0.684036238169561	0.619152187338905	0.601925023236485	0.64507507758786	0.684808301647235	0.605944395258188	0.620677655524678	1.78129698259975	1.91501687512955	1.88241590885388	1.95247617541991	1.84417919775554	3.21509213044356	1.71191059342515	1.69517026392647	1.91241010849229	1.77288278770513	1.8999424096804	2.2933491409652502	0.604130967646834	0.665091955287772	0.676658970262198	0.65353159603297994	0.672458528534524	0.674986621152511	0.569545117871085	0.636365755569592	0.604388208366407	0.592554395741649	0.63182706675687	0.56470948156695
0.504145036151546	0.615728979142362	0.564809731064665	0.513453480709197	0.608264130827681	0.553131306332276	0.50803273958359	0.628646791522882	0.595192604774679	0.564892622585826	0.594298560510726	0.568705404835281	1.83496573263786	1.81235251576197	1.80727153878354	1.79353067508336	1.84804391961667	1.70869348041447	1.76287903017046	1.77447587279445	1.88139420730848	2.0621349563072	1.96697070781101	2.00185938470942	0.873659724534926	0.817482785686433	0.871011465682004	0.94769238516498	0.961434842932875	0.966236744199264	0.787805400802126	0.738252382617852	0.805358021993946	0.855312631380328	0.825521669171353	0.770068892513224	0.775451831461598	0.826201311327687	0.779244687864621	1.01080676363857	1.00763138075101	1.07168250173091	0.797776465150157	0.840788169536423	0.827783708189415	0.825649650036443	0.808268960433845	0.739788722308825	1.81698624288446	1.87240218519218	1.85253201726724	1.80330276562201	1.92810665375626	1.8841698207856	1.83942331527789	1.88310031521106	1.8899811085013	1.94318858385237	1.98170513114533	2.08879118435534	0.689407244360858	0.69866177527116	0.691856984852318	0.710376806629995	0.776412826569566	0.725720391555265	0.627147229251326	0.617646357948123	0.665142687194574	0.713730952825553	0.619140454844658	0.63456955011662	1.77399423662067	1.91236660141796	1.88787967180548	1.95400342240035	1.85323261002782	3.21383043449259	1.72083048426977	1.70419001139666	1.92574447312712	1.77426955488738	1.89715566569894	2.28614246052653	0.622256174054898	0.686675866262815	0.701518401546781	0.693442968366403	0.727132735550435	0.717734283097897	0.581544481656895	0.636863527419964	0.608866688423815	0.61375279062413	0.636652256516785	0.578824205101865
0.513204995179758	0.620104076877525	0.560719329494342	0.521597674773862	0.608332108490939	0.553193122526547	0.512058960153978	0.640807750771821	0.595259121605789	0.564955753187366	0.589896078524096	0.56876896154123	1.83075929651661	1.81677035844606	1.79528823707201	1.78978011761682	1.85989915014211	1.70502693294545	1.77082578693258	1.77073924215719	1.87352881352006	2.07491531737665	1.96719053019678	1.98827557047634	1.03894531782751	0.950378070742001	1.01895757420022	1.19640112431917	1.20955923254592	1.21266789810323	0.84498720256758	0.784722431468257	0.857028427692885	0.93354647842378	0.885814928110422	0.856231077012189	0.887560741204643	0.924955599906548	0.87823172685304	1.26461059192522	1.287043794831	1.38659738871696	0.873136004640088	0.902037233822379	0.886730025235538	0.882689636846258	0.863668120086385	0.79368021428329	1.80000538282995	1.8644162180443	1.83697104777071	1.81116248474975	1.92832213281904	1.87691749697566	1.83588217784657	1.89472476776178	1.88238166079492	1.94340574842365	1.9946313732316	2.09348828167562	0.741195590742728	0.743952440400582	0.743335125627653	0.791102603410271	0.863196166373711	0.819332655084419	0.653507854937185	0.64059372326477	0.68869525249295	0.725977944610953	0.648897751401444	0.661456309309153	1.78288955924937	1.90843152431465	1.8880906552288	1.95809922929075	1.83821638153879	3.22552059054639	1.70206880974745	1.71207520777859	1.92990635770761	1.76629061295238	1.89309430974318	2.31340265544821	0.666462298254982	0.733097846633201	0.742151511949397	0.780210487927768	0.804577169440733	0.809940440271835	0.593164624166482	0.656472582868047	0.620953183611401	0.626263673516982	0.667043571683946	0.592563422664236
0.517533233333392	0.619896243983923	0.568835604603348	0.53354895284504	0.620052313878127	0.564857871358845	0.507919225397558	0.632535230255771	0.599191938963472	0.577601985673944	0.59416577119992	0.56857833402647	1.85219572640018	1.81616145317566	1.81498848148355	1.80102916212059	1.86703898648415	1.70445547938732	1.75473798910938	1.77407938617333	1.87693741501128	2.06167419550811	1.97090139510077	2.00141209180702	1.34713431038194	1.22387586316291	1.30622521507172	1.68915607629382	1.68976384957256	1.67822458118033	0.943633300499937	0.869474715205096	0.94796830972034	1.08123537923571	1.01877566115999	0.982750608695081	1.08108295211073	1.10135564589568	1.0717163678912	1.76371331714629	1.841251823104	1.98554145696361	0.981948744118297	1.00872036588289	0.996256289452356	0.996251052971588	0.965452919005771	0.900995825026557	1.81658025780059	1.87198381804098	1.84817741042973	1.81438321260866	1.90888746090959	1.8688280415223	1.83152141730761	1.88648295026924	1.88175076536621	1.93870705599096	1.98549592234824	2.09724902446349	0.83141170411073	0.829989088889823	0.822137725915222	0.936720064438635	1.04377814928066	0.964917659602018	0.68707966614055	0.678496846488191	0.719758265884887	0.770332880164584	0.682598206213442	0.688041414135575	1.78229200940268	1.90779189806363	1.891448272403	1.94969068823906	1.84520935036293	3.22821526155596	1.7242354886339	1.70765531064638	1.92136884049396	1.77387311436568	1.89245982388359	2.29912947381312	0.750070317831557	0.808664488571403	0.835147420874506	0.945392758038094	1.00151758658606	0.970835338216377	0.643021396830877	0.699221471330753	0.672807523969946	0.671660393172068	0.701460009940942	0.637931366769259
0.513204995179758	0.628716648525959	0.57317978434415	0.517554268704913	0.612308157672194	0.553193122526547	0.512058960153978	0.640807750771821	0.591125355958843	0.582075619319952	0.589896078524096	0.573469538529673	1.8395823086189	1.82941603050268	1.80747351369847	1.80163299398093	1.85601625046911	1.70502693294545	1.76307604391992	1.77860912298307	1.88160446593692	2.06236541394648	1.96719053019678	1.98827557047634	1.86923220704572	1.70570038794769	1.81414395226217	2.52098804271729	2.5259563960733	2.5011276110096	1.10761836935545	0.997331970698538	1.07922097880309	1.32835024963143	1.24272091298387	1.20506596445696	1.41320353016802	1.43470888198178	1.40437960706809	2.60994081261479	2.77790099122023	3.02053382403329	1.14410917677858	1.17341278222911	1.14568656918489	1.17556364764713	1.13595756993383	1.05824036162752	1.82148522670991	1.86851377153523	1.84485504905995	1.80733333393726	1.92080412482996	1.87318605065961	1.84337558889948	1.90233410326384	1.89019232677448	1.93530834593824	1.97769182769354	2.09795217009082	0.978205803085258	0.974125558549413	0.968708083358983	1.18281359458188	1.3494507768708	1.25331706810946	0.747402673133949	0.732107136704317	0.77086911817073	0.851705980943335	0.750685680863803	0.773188745900773	1.76984407310535	1.91258032142259	1.87611547743208	1.94258949454201	1.84582799453494	3.23307458294208	1.70585958478454	1.70438046624818	1.91017323791951	1.76220194168841	1.89309430974318	2.30890187162876	0.895972494811745	0.956397772307017	0.977368937882112	1.2412439580669	1.33064687467117	1.2820858040731	0.697161039647323	0.746346826874108	0.73312534737433	0.738244641651107	0.770998422897655	0.706517953301521
0.513204995179758	0.628716648525959	0.577333250314969	0.521597674773862	0.608332108490939	0.549241727218809	0.504120071257186	0.640807750771821	0.603526595962328	0.573515714722335	0.589896078524096	0.573469538529673	1.84399370079534	1.80833987245007	1.80341171686475	1.78978011761682	1.86766494948811	1.70502693294545	1.75532630090725	1.7628692474566	1.88160446593692	2.05818211280309	1.97156218010136	1.99287815828159	2.7690718298839	2.50667399236548	2.65728148800506	3.88441921705581	3.8881415533955	3.8540105714731	1.37024953614333	1.19447891930773	1.28554269847668	1.81774250679811	1.65982801299685	1.61279502705806	2.03363437051002	2.03079137463824	2.01755936172829	4.00524073399671	4.28385524042921	4.67695527524594	1.41508246279177	1.45625500093974	1.41249021901922	1.50911461388212	1.459301263159	1.35418887557436	1.80859734315688	1.8644162180443	1.83697104777071	1.80350429699948	1.92080412482996	1.88064894329172	1.83588217784657	1.89092010001075	1.88238166079492	1.93935704718094	1.97769182769354	2.09795217009082	1.25399951921335	1.26184195623545	1.21780433052303	1.6743724318758	1.96009613610833	1.79953883816574	0.826274343194172	0.838872757248445	0.876521271854556	0.9936570062359	0.873679357792464	0.89832913182074	1.77419249257022	1.93332419308756	1.87611547743208	1.95034436191638	1.84963380103301	3.25195933618188	1.70965035982162	1.70438046624818	1.91411990742701	1.78673374152285	1.89309430974318	2.31340265544821	1.14755103972116	1.22182980132602	1.24908559796608	1.81655069414114	1.96115699285517	1.865549954602	0.789602304178886	0.832313460396301	0.829272948849614	0.862667901619677	0.900941929977439	0.825030603671957
0.504539692297046	0.611901810421596	0.561095567022519	0.517901542873133	0.604761633658966	0.553564310038866	0.500486223292893	0.633171868264304	0.595658535017737	0.561051980721662	0.572404246438232	0.555039407201206	1.84964546979002	1.82220740910825	1.81275072016229	1.8067955210274	1.86503263047927	1.70231089641721	1.76813658026275	1.77192739195063	1.87478593417328	2.0846797827274	1.96851049700299	1.99882103735014	4.17161989973924	3.79575739409922	4.03058169513469	5.90439197987546	5.92967135066589	5.82091959871402	1.8206076494279	1.52794746081068	1.62785854353537	2.6090996711376	2.37953558139668	2.30294835440619	3.043875358185	2.99886694743326	3.01649381725544	6.04650952942567	6.42065251276521	7.09139201198159	1.86419098755605	1.90472864032654	1.8531743078683	2.10847938435985	2.01373951711017	1.89803401241711	1.83130503809603	1.86566722422953	1.83820363849836	1.81237775816828	1.93337731763656	1.88564479156904	1.8446124770155	1.89218889005773	1.89146062849229	1.94876140164575	1.99596975259185	2.1127598439818	1.74642820946253	1.75213476726808	1.68549604222878	2.56320130219059	2.97229240828847	2.77037878410462	0.973402886319201	1.00350717515119	1.02982042439307	1.24189005550552	1.10344195970746	1.11360218282725	1.77973441062859	1.9138636452795	1.8813686620894	1.9438929542789	1.83564144771464	3.24280277949235	1.70321088231047	1.70937404222722	1.91540426433202	1.77974990798001	1.89864080209571	2.31495492741563	1.60764942753353	1.69484538922596	1.73690702418642	2.83114663383292	3.02305968040678	2.87318456696179	0.959721459845719	0.981459457935407	0.986174071299228	1.08735889956897	1.1356018126732	1.04452365049997
0.51423945093712	0.625668972615362	0.574335129934094	0.526700603738126	0.625494507233705	0.558267484446332	0.509113660306108	0.646137789763425	0.600601012952076	0.570383129611199	0.586607212010832	0.569915416334931	1.86097167796224	1.82043238156498	1.81518666737863	1.80526450505503	1.87532017193088	1.70846371735677	1.76662983661763	1.77825135337486	1.87730524337934	2.08328941080821	1.97553621361108	2.01073052513393	6.06764855488314	5.64306805026388	5.9498938929162	8.3994732013579	8.4648640587289	8.25516876502598	2.46760686539319	2.0490389695516	2.16279268047705	3.8818211952323	3.51593180347822	3.44998571487953	4.59353497649475	4.4899278709313	4.55064091091419	8.49651657466859	8.95939183119682	9.96607328616236	2.55680808255571	2.60049928035095	2.5082923293208	3.08137539343872	2.95006400681859	2.78572674563639	1.81654747453471	1.87638601962876	1.84462373541102	1.80330271087135	1.93220900833872	1.88070075732791	1.83582846655324	1.89473158509476	1.89008914002078	1.93920930341045	1.98592152504139	2.10665362302466	2.60373162523754	2.58231174925618	2.49202266227763	3.99811851785684	4.63439570453369	4.30360614599243	1.20427610821104	1.24556255916624	1.27038091580639	1.67433411248941	1.49589813151807	1.50023317977179	1.78648328960396	1.92474978601713	1.89189643706464	1.95039037780458	1.85717565813426	3.25472962801536	1.70929804755342	1.71167107341498	1.92193278056104	1.78623842190675	1.89262830165454	2.32257558505789	2.41029207786061	2.50768894610418	2.57228883288941	4.43800131377978	4.71703912286388	4.48480641626138	1.21187739031037	1.19421268483937	1.22835267319249	1.47530961902314	1.51906391646264	1.38847994436708
0.509614432679617	0.629842876288656	0.557562846709414	0.514430720876243	0.609421821179682	0.554184064080557	0.508999662621311	0.641955637472711	0.596325416494469	0.565967765284433	0.581998901299197	0.56507880709565	1.86055498031828	1.81580191038444	1.8147802216403	1.79298617246253	1.84767150350722	1.70421675277236	1.76235239378429	1.76996908565345	1.88497500685217	2.06186895940014	1.97071438246762	1.99644802511236	8.36128986465024	7.89520084408622	8.3143761443352	10.9036393276234	11.0698994351194	10.6792045642036	3.46226472944031	2.81921798634082	2.94932518815529	5.74726932414297	5.24256238557232	5.11028175656341	6.64704856110713	6.51923342832429	6.65402013798655	10.9398004469706	11.3772785321805	12.6594107499615	3.60813760615882	3.6299282329759	3.51003700597335	4.60472835411586	4.41984330343943	4.18214666419514	1.82044445673679	1.88007076398585	1.84421069830053	1.8105708320724	1.92424488456992	1.88027964206653	1.84292423291781	1.90574177743	1.89749069396792	1.94688699472625	1.97699190459945	2.10618191374946	3.93710061945145	3.92407009520948	3.77086538110976	6.07470208589317	6.97458171210419	6.48394752068378	1.59530856569066	1.6731111446339	1.68170184035495	2.44186781237816	2.19235969376908	2.19387945007206	1.78608327095425	1.91185012086515	1.88347498616249	1.94995365806033	1.84150920085189	3.25021708645308	1.72410568783365	1.69972513252636	1.93336342238779	1.78583845808635	1.89648543255508	2.32656437395694	3.71853520461206	3.84932710672157	3.94085517728388	6.70682898866585	7.0294106682191	6.76031227255812	1.65148855572661	1.57757355036789	1.65750358279366	2.17715254812936	2.22601496062031	2.05028905977525
0.500314618367019	0.629490496924055	0.557250905987298	0.530336385745888	0.613061809874767	0.557830215520393	0.516663552017684	0.641596481359097	0.600130585841115	0.561365873516069	0.590622145086003	0.564762661405209	1.85509723027952	1.81478602031485	1.81376490317681	1.81176211804429	1.8583007059637	1.71871230577325	1.76912580292151	1.77685851914933	1.88796315549303	2.06490385185108	1.96961182322936	2.00454734628674	10.5458706840926	10.1512287488257	10.6742149382185	12.8693641280678	13.1266902074492	12.6007104437401	4.81320916079011	3.94005276256276	4.09178602625749	8.21461510805419	7.4827249527823	7.31186957185622	8.96418075994025	8.86580690949613	9.02681779085018	12.7655814123904	13.165923178828	14.7572970696214	5.05685664869258	5.12421389504635	4.92230177679716	6.73624727952139	6.43649626857839	6.11032983746899	1.81512464446626	1.87081360945476	1.83923206170441	1.81339173252107	1.92316832370801	1.88669975676517	1.83439053444337	1.89705686717382	1.89642910132276	1.94985167880903	1.98012604612306	2.11394187365841	5.83762771328674	5.85606254890709	5.64125717357456	8.65516398888398	9.73328764770431	9.12488972992967	2.21112404072525	2.35937027376457	2.31545379972867	3.65872199333729	3.31217814132416	3.2845033129502	1.79379177898718	1.92324220534105	1.88641791201693	1.95274492004339	1.84428941910639	3.24839868145898	1.70416378086832	1.69106997163605	1.93228175996058	1.78483933172511	1.88686724460302	2.32976905021818	5.55479650842743	5.74544988670928	5.85518965109458	9.43322970874259	9.58547877569017	9.34307404982485	2.30616272831519	2.16354860161632	2.29834906153266	3.2846643019407	3.35666993437285	3.08055876570339
0.510071281117698	0.626089637545404	0.574721280850679	0.531108951076983	0.617941570310313	0.562604854473262	0.513436079724092	0.642531124373179	0.596859997773263	0.557892206766146	0.578039721988743	0.575011814294432	1.85337626522438	1.82588286107642	1.81233449132383	1.80251675596219	1.86879446232022	1.72508402688028	1.76781762001293	1.78733811051304	1.87856743874692	2.07210644359303	1.97248104708659	2.0120824282212	12.2916539539112	12.0261101542922	12.6249801365327	14.1928911081188	14.4389693382778	13.8729935194265	6.51474016664395	5.41092911075062	5.6334075073775	10.8450670994384	9.9943751282042	9.73913501809755	11.0854655120985	11.0386348778855	11.2731853986787	14.0521891125201	14.3355816792555	16.1277860679526	6.93594777767452	7.04408125397182	6.79031864544196	9.36046438059258	8.9499938899852	8.47520206952804	1.83069136369649	1.88175617031843	1.86167436623628	1.82371216691285	1.92596989118988	1.88944819881335	1.84081955707879	1.89600549696282	1.88744409466528	1.95675170688436	1.99150313771168	2.1170213497182	8.2053248742488	8.29203206570145	7.96080407233612	11.1514301342738	12.3100042037884	11.6365530476729	3.12192543568325	3.36069197411337	3.28402380071602	5.44931126763197	4.95849437829531	4.91152535676313	1.79640487772394	1.93020372105602	1.89316844273726	1.95170171154133	1.84697608007103	3.26827916026562	1.72185030801192	1.70124886639685	1.92718203622383	1.79563860932503	1.90675529147217	2.3421887078701	7.81990751238758	8.12378505616244	8.27914880002034	11.8847714856801	11.8102231959207	11.7353067867576	3.31366220831234	3.0600233719393	3.27780961634076	4.93625329814524	4.97719310845166	4.61614333287391
0.509842754558057	0.630125063957244	0.566138248577249	0.522766128346384	0.61766471476806	0.558392544366683	0.513206045638194	0.646282533891956	0.609021607939043	0.574800472147788	0.591217530312904	0.57004308555902	1.85254589951416	1.83351418469288	1.82373497276843	1.80566891018609	1.86406559089064	1.70884643772356	1.77479269057715	1.78259346241628	1.88177271525156	2.07117808049106	1.96721610425137	2.00195538933523	13.5234746686977	13.3184610261217	13.956948779989	14.9846218914271	15.4038452993546	14.6719701517491	8.40013498447373	7.22941979889384	7.55158722478773	13.173119921286	12.2740409643312	12.0140879750862	12.6868685382592	12.7311792049015	12.9175166469836	14.7778515629675	15.0554526714668	16.9618960267046	9.08285031848883	9.21296285583312	8.94614929604243	12.0184258205296	11.4361912755906	10.8577796224367	1.82987116147261	1.89323351565118	1.85688945144764	1.81521974838047	1.94394366844653	1.89608128242411	1.85126011318585	1.91040879514348	1.89442662858178	1.95993279692605	1.98636639993499	2.11607286345041	10.5727409031223	10.7723411410183	10.4418924568268	13.1478652791124	14.2387526042485	13.5248999216417	4.42670599282294	4.7846430676363	4.67871600449791	7.79634086377021	7.10710826164828	7.03699786890702	1.8043164720545	1.92933893444264	1.90032154688847	1.97414401137908	1.8537772459278	3.26681487748772	1.71727948865543	1.71205451227551	1.93818513525099	1.78254073444862	1.90161806141799	2.327606741508	10.1387646207104	10.5608330562956	10.7873359706791	13.7909008772555	13.4215677136392	13.4728211242832	4.72120424649164	4.32362669645749	4.65754355701553	7.13295318314813	7.12817616623374	6.61503032406511
0.50521768516463506	0.629983938522987	0.574335129934094	0.518597491195023	0.613542373443538	0.546389461359492	0.509113660306108	0.642099412531495	0.59645897201888	0.570383129611199	0.591085118771961	0.56049531266358	1.86097167796224	1.83310354321814	1.83553624559678	1.80526450505503	1.86753883334217	1.72392495586558	1.77827793966258	1.78613721144663	1.90158080615386	2.07909767747887	1.99305760415771	2.00611865999604	14.3044926355189	14.1762851124121	14.8507114539887	15.5145051061446	15.8974279787187	15.1129595089076	10.2213080381263	9.18000461850144	9.64907710446629	14.9380057611066	13.9904786822172	13.6819170858789	13.7978734650369	13.8569885892548	14.1038152280443	15.2906490199465	15.4643101949264	17.4387516924671	11.1662362788648	11.3518117620797	11.1379192580439	14.1351984579796	13.5225481514777	12.8907255942972	1.8380706148525	1.88459775940753	1.86437346764397	1.81864995924525	1.9435082947246	1.89191766045313	1.85835401261195	1.90998093203147	1.90182886876977	1.95949384221229	2.00713875189402	2.12007182513152	12.5005027889194	12.8127138952425	12.4759603363295	14.476343660849	15.4857544892149	14.8077051098368	6.10793784889242	6.60988696107454	6.48129513489027	10.326415386226	9.45560652073632	9.39996838089378	1.79084058818431	1.92890683165777	1.9078955629568	1.96593137517655	1.86098913591083	3.29635987504311	1.73208865775967	1.71552619923884	1.94170567595454	1.79443213321574	1.90975614668035	2.34061500885025	12.0647277456058	12.6566521581088	12.8086161838063	14.9881258199439	14.4108067500519	14.5852356183528	6.55726026031161	5.95148587526079	6.36254594037492	9.56249937197027	9.41819584847226	8.82415548695848
0.500706802278393	0.629983938522987	0.570173291915405	0.518597491195023	0.617526380005514	0.558267484446332	0.513091105874333	0.642099412531495	0.59645897201888	0.566094521782817	0.582129248197584	0.56049531266358	1.83886991504773	1.82465606408129	1.82332652148674	1.78942889053757	1.85197592795628	1.70846371735677	1.77827793966258	1.77825135337486	1.88539717370701	2.07490594414952	1.97553621361108	1.99689515792874	14.8184792885142	14.7293647905734	15.407261726688	15.7830699717428	16.1382974633908	15.3749674885073	11.7087371248063	11.0043844362198	11.6528406529663	16.0671128491728	15.158147526112	14.871253868371	14.5145338932749	14.6108022705933	14.8490418807615	15.4832259392754	15.7025726259425	17.7316490588551	12.8934020233307	13.0752640981867	13.0171722607855	15.6881133367576	15.0018429751574	14.2341651723454	1.82515675348267	1.87228009268726	1.8525236283042	1.8148132042039	1.92844242740444	1.89191766045313	1.85084549725904	1.90235625856311	1.89791566388818	1.94326616552912	1.9901650616953	2.10218096505853	13.8736149461495	14.2789068137662	13.9577033805643	15.2421045124433	16.2600421223923	15.6136936391513	8.03101600780603	8.61577741259228	8.58291265321588	12.5371868453885	11.5379650691616	11.5002951520662	1.78648328960396	1.93722115114754	1.8998959429586	1.97758712320553	1.85717565813426	3.28122166563534	1.74348401991491	1.70781594759112	1.94170567595454	1.80262584452473	1.90119216711532	2.34061500885025	13.4136069009426	14.0413691728772	14.2999750204825	15.765959812874	15.0503391024631	15.2621877713673	8.58734811320005	7.83090273168981	8.27331681605401	11.8274110105238	11.4884629988835	10.7926909490809
0.500987310290874	0.617384720935014	0.558000150902911	0.522941848053391	0.609899799078646	0.554618718248464	0.517358225701069	0.638418549546279	0.596793122703485	0.566411661570931	0.591416258894522	0.556096625119685	1.85316860401819	1.82567828036369	1.81620357867688	1.81023703630555	1.85690635550965	1.71328828641223	1.77538925954877	1.78713784853987	1.88240524389535	2.08445651972183	1.96787735336205	2.00262831551652	15.1318583829609	15.1204114262566	15.7964842343448	15.9476885495434	16.3233109395678	15.558351366423	12.8181373498899	12.4290157162615	13.2943062711312	16.8636332350135	15.9814476186969	15.6426403512156	14.9546301199946	15.1053257018584	15.2857095728525	15.6306335138396	15.8854349335728	17.8618155317219	14.1571061333548	14.3548271249234	14.4445295073372	16.7042124654536	16.0041058890167	15.208698123448	1.8347932381686	1.89797812384553	1.86937009387436	1.83118575255123	1.9332914783714	1.90420074540668	1.8518823854928	1.90342200436623	1.90289431911642	1.96059159786619	1.99977159973965	2.11230898478966	14.7411429617757	15.2140923408178	14.912943213596	15.7588708480053	16.6735185831428	16.0462914819517	9.8881274389973	10.5779214335985	10.6865930846462	14.1462912116015	13.1091985782209	13.0974273839335	1.79620359986649	1.93830642910336	1.8969583738128	1.96703273729149	1.8505847501511	3.28305988505586	1.72925847156997	1.72034456390027	1.94675030644562	1.79953662521979	1.91511031256722	2.34192627776278	14.3326775879384	15.0038740454446	15.2390823817006	16.150100482597	15.3961686406616	15.7325555430853	10.5345658453281	9.7157590863975	10.1255296306753	13.5056059673452	13.0191564313538	12.2931035415001
0.505670693624769	0.626229984919882	0.570684543466103	0.527172875070777	0.614092512312351	0.554805207393806	0.517532186099758	0.642675157353312	0.605285359859999	0.562309662812498	0.59161512112010906	0.575140711809405	1.86706469853716	1.83474721373437	1.82088790604789	1.79895830658159	1.87700169640694	1.71386437527787	1.77210012337027	1.78379224752886	1.88303819791145	2.08096192108118	1.97730759779724	2.00330169423728	15.3244142029101	15.3086335984019	16.002172528029	16.0621318814019	16.3900289419357	15.6281944943031	13.5324722900479	13.5342319845988	14.4726663074858	17.3312499046878	16.4568955075644	16.102254013545	15.2016403323681	15.3701479881847	15.596350053038	15.7399743853379	15.9362013417668	17.9768166006241	15.075291339927	15.2489867141548	15.4410108694757	17.3870338665251	16.6324574736756	15.7669600230611	1.83541018276785	1.88628760272465	1.85418471203278	1.82028066981171	1.94525096075887	1.89735638752325	1.85250507627474	1.91550929052648	1.89570062093455	1.94906911420027	2.00469113114706	2.11749591177821	15.3122598848362	15.8622722429718	15.5603576298099	16.0068138822962	16.9210711349831	16.2768146166096	11.4621816007583	12.1608598252187	12.4247911665406	15.2533567136548	14.1854934760364	14.1282833027796	1.7880851576063	1.93063640514502	1.90960629648108	1.95602794781751	1.8473901074371	3.30689159471997	1.72603810846561	1.71706444286066	1.95532100926156	1.80014171487185	1.9071827192443	2.33368594505715	14.8908121262475	15.6258390983777	15.8461663782039	16.463782619467	15.630231939188	15.9187834721313	12.1025998653373	11.2944487221894	11.587404059772	14.6581770347416	14.022671479197	13.2983872321598
0.514297042991206	0.643000783760793	0.566074844136822	0.522707581350265	0.617595539640412	0.558330007403489	0.513148569319946	0.654287755680841	0.604810838914874	0.566157921326079	0.577716035281392	0.56055808512552	1.86560099007151	1.82063626020554	1.8153899585274	1.81734478304933	1.87163914973901	1.72411802619326	1.76682768966238	1.7863372492125	1.88560832805505	2.09190713358488	1.98889986356615	2.00634333450158	15.4692282616845	15.462989256065	16.1377914857583	16.0456470147029	16.3962984847679	15.6273341951373	14.0368004092899	14.248032835868	15.32017317718	17.6267592995269	16.7542570957429	16.3711069247641	15.362431165491	15.5723206629988	15.770449717078	15.773858620646	15.9615309041126	17.9927681814345	15.6405169930808	15.8115811421853	16.1327210384052	17.7688085120495	17.0287222185789	16.127568426799	1.8339712902514	1.88070243744223	1.86853265626931	1.83420260544731	1.9286584025895	1.9033477044187	1.85856213827133	1.91782025290207	1.90595550651883	1.97188547261918	1.99887574506399	2.12478242065875	15.650049872314	16.1958323141558	15.9126924720635	16.1559004871439	17.0551261577842	16.4140240529723	12.5597482380946	13.3167841040458	13.7836085245204	15.9851796020302	14.8459019365651	14.8427742173301	1.79104115270309	1.9249653476462	1.90010872109086	1.9622658644522	1.85738365182428	3.2815891448228802	1.71328832116518	1.70415177033627	1.94192313655213	1.80282772892886	1.90140509041772	2.33636678412099	15.2241359463994	16.0020305774071	16.2198334054256	16.6325225383339	15.7187647501267	16.0640207675708	13.2858255264098	12.4407817030793	12.6422091954528	15.3698752468229	14.6844820449036	13.9548716937046
0.514585196870067	0.626089637545404	0.562227315140673	0.527054727855387	0.613954885124472	0.566566876572504	0.513436079724092	0.650613309196383	0.596859997773263	0.570766623423129	0.582520639444691	0.570298595682534	1.86222289155119	1.83433601982721	1.82455242457156	1.80251675596219	1.87268780457414	1.71734815289807	1.77558820500591	1.7952291564151	1.90285932305625	2.08469009844434	1.98563103948203	2.0120824282212	15.5432763962461	15.5756855189323	16.2550128837918	16.0935865878689	16.4246145361985	15.6930872918286	14.3156356363306	14.7366427456016	15.8737964676813	17.7933336321452	16.9361105102006	16.5665222826976	15.5092833553317	15.6676057561338	15.9339853603542	15.7865512555617	16.0083180764678	18.0028492931453	16.0341905677577	16.2036862602367	16.5587780735055	18.0397982506609	17.2515605222762	16.3479232982479	1.83499884027955	1.86943033606683	1.86562696840661	1.83139095041682	1.92973900456316	1.90067264355878	1.84833312073874	1.9188947824028	1.90702338835798	1.95269211715781	1.99574929912112	2.12597290834401	15.8835045893247	16.4563056890303	16.1753383258105	16.2304137385286	17.1629506193649	16.520753074656	13.3274953700335	14.1309639245644	14.6819802112221	16.4211343006451	15.253961948384	15.2678536602727	1.80076499172794	1.92604388044968	1.90517582630124	1.96725315781338	1.86224036123753	3.30236331758329	1.72945224773218	1.7166796233979	1.94301117058203	1.79153894208275	1.90247042271849	2.34670159599386	15.4539430427945	16.2475701123249	16.4688363639178	16.6932046837363	15.8012632434417	16.130754772821	14.0888576416067	13.2862221513341	13.3602872272857	15.8692018259927	15.0835884327116	14.3374670352088
0.510471695939703	0.626581128793898	0.566836636009609	0.51935354899311	0.610446978443077	0.563046509063518	0.509855891727436	0.643035522474627	0.605624759523484	0.575509545288264	0.582977928272337	0.561312452852503	1.85925804048537	1.84000595993714	1.82598472994018	1.81186111349411	1.86636509986224	1.72256721730353	1.77698207261105	1.78874120199825	1.8881458743079	2.07793092758273	1.98280294639357	2.00904335917513	15.6034608164368	15.6170654158608	16.2918323386675	16.1062203330876	16.4336796222462	15.6901949371293	14.5675010119877	15.0507778500386	16.2047782603215	17.9104725107713	17.0055006271433	16.6477184940865	15.5776649162523	15.7665350049089	15.9822212015821	15.8105154697851	15.9867993385204	18.0169818427754	16.2582678666577	16.4311930941967	16.8828178928405	18.1723331676584	17.3974524092573	16.4777478469358	1.82781763021198	1.88323338162181	1.85918010794264	1.82130134978806	1.94634171491428	1.89093144849281	1.84602436339821	1.91276547303364	1.90460152496513	1.95828779098755	1.98456728431107	2.11420406967004	16.0516465273886	16.6135817549594	16.3665817598272	16.2816905952184	17.1726410203082	16.5600025604803	13.8882098879614	14.6394777715392	15.2825021526312	16.6904246133373	15.5553373570311	15.5399592780424	1.79345143573914	1.92755585837534	1.89465461287286	1.96101565852425	1.85606406320998	3.29737547629884	1.72320199043382	1.72960948525558	1.94849685825133	1.80115110239841	1.9168284781498801	2.35757665917709	15.6078030988762	16.4040716551623	16.6689655106039	16.7300353708322	15.8136675097537	16.1434176957109	14.5985167927467	13.8064031151317	13.8371044232257	16.1313708329768	15.3562194818174	14.568275309509
0.519273620846003	0.621980863120737	0.574914551094211	0.523176324837632	0.614161349047281	0.566757404610809	0.513608740663356	0.654874495064929	0.601206932592988	0.562372694945982	0.587199013928565	0.570490378642633	1.86727398726023	1.82649687840443	1.82923997040622	1.81501155127921	1.88110675054554	1.71405649100203	1.7839586213318	1.80767352889186	1.88729926703324	2.09378307317335	1.98629877775335	2.00814254385883	15.5921040950907	15.6725017276253	16.3887356591077	16.0834136199751	16.4377915009491	15.7211701374184	14.7022265918644	15.2223870117736	16.4283377934706	17.9643158036579	17.1143282675662	16.6538872083727	15.6182173806426	15.8130682882523	16.0663172670926	15.8227029191873	16.0137014364308	18.0013850096301	16.4472726210725	16.5886780086341	16.9893759494863	18.2294636979036	17.4536620890074	16.5153363909022	1.83561592317618	1.89060911546877	1.86625435108851	1.82048471427644	1.93038794717202	1.88634085243519	1.85647077811613	1.90809164398664	1.91158184478188	1.96147068837078	1.99217285068255	2.09982436323657	16.1611503984427	16.6803404107217	16.4663225817831	16.3129104557459	17.2140920199829	16.5638348422969	14.2360955813401	15.0191980913337	15.7348618398018	16.8253222346907	15.6972535184795	15.7123048880509	1.80573225675402	1.9266915804431	1.90581650867753	1.96402554687744	1.84759719073577	3.30726228092048	1.73383608494494	1.72111593238537	1.95158180515416	1.80034350185928	1.90311019530768	2.36103397416193	15.6760635439554	16.5277214238776	16.7428467236711	16.7422948157533	15.8376172255341	16.1900817038926	14.9242215004751	14.1882331033077	14.1443253561825	16.2780580189931	15.4970498350715	14.6897584071994
0.501043449612959	0.613136036395104	0.558062678934164	0.514891886919162	0.605981457662312	0.558642832374019	0.501495720381561	0.634448996640454	0.588570289061664	0.562183640924821	0.573558804532796	0.556158939846839	1.86222289155119	1.80475002128991	1.80826177078729	1.7985551334963	1.86879446232022	1.70961239309681	1.76004703501995	1.771555790347	1.88666480963733	2.07630099521013	1.96809786852939	1.99362279298771	15.6260913872544	15.6630732288855	16.3671988705964	16.1052695833355	16.43226557373	15.7120870029863	14.73926525381	15.2986660764635	16.5620591774708	17.9995133823209	17.0999519617149	16.7027977109756	15.647528176747	15.8118756782605	16.1005835968817	15.8366556861587	16.0272410580227	18.0216370844477	16.5172162053482	16.6789128817761	17.1370963970281	18.2845163572664	17.5203169172867	16.5637380942548	1.82207641053037	1.87764759696155	1.86167436623628	1.81219393456641	1.92220100617852	1.89693116197697	1.85960346622867	1.89600549696282	1.89135993056763	1.95675170688436	1.9830105865309	2.10359435432235	16.1859635488963	16.76540175924	16.5361117834735	16.3266783327621	17.2423200858305	16.5732726608444	14.4534977231798	15.2359012614125	15.9806808043147	16.9091309203568	15.7174909592944	15.7832043833655	1.79640487772394	1.92604388044968	1.90517582630124	1.97114101938139	1.83934399657825	3.30236331758329	1.72945224773218	1.7128219056024	1.93113931981338	1.81203716411317	1.91104016022585	2.32865004349882	15.7238997080195	16.6193286914486	16.7738146121131	16.7603723164691	15.8633210500103	16.2115821017389	15.1547907637224	14.3989585042333	14.3524676725468	16.4098185111345	15.5960736705206	14.8127923090946
0.510185621238997	0.626229984919882	0.56235334681858	0.515007307651491	0.60611729748694	0.566693881028135	0.501608138162413	0.642675157353312	0.592847980847314	0.570894569314952	0.582651220175345	0.565712161508445	1.86264033671854	1.83051974401114	1.82088790604789	1.80688321342091	1.86921338060363	1.71386437527787	1.77210012337027	1.79563158393279	1.90328587748868	2.08515741296989	1.98607614843506	2.01714923864891	15.647034007096	15.6665843414676	16.3868987687626	16.1049840069603	16.4589091974865	15.7270096575721	14.7502037605688	15.3486186826827	16.6373985059348	18.0282954322829	17.1339740752867	16.761065014886	15.6467142287508	15.8690168250978	16.0883226415243	15.8016550598603	16.023263280372	18.0181593723932	16.5624388072159	16.7401515111115	17.1409379339922	18.3212507698654	17.5370446292044	16.5944330874769	1.83110174059936	1.88217799416293	1.85023122382744	1.82028066981171	1.93394154275552	1.88612942665034	1.84874745230582	1.91169353542266	1.90745087622804	1.94500861445585	1.99194956298353	2.11749591177821	16.2284897130866	16.8062597452359	16.5001642586239	16.3187841539353	17.2121626216394	16.5844907218992	14.5810401023183	15.3655139431369	16.1530128871009	16.9454619998483	15.7848182731606	15.8629428638443	1.7880851576063	1.93895817975202	1.90960629648108	1.97158288017928	1.85884091315165	3.31825537504201	1.73744357417907	1.72092302542142	1.94740489632673	1.80014171487185	1.9071827192443	2.35625544383346	15.7672633556628	16.6103781494198	16.8467199287724	16.7364658372703	15.8862738919083	16.2036657769768	15.2818023679368	14.5354305737721	14.484255074715	16.4342954014321	15.6082585986124	14.806969898752
0.528541475823201	0.613617358841529	0.575172447046255	0.523411011985703	0.610446978443077	0.570976773774438	0.513839135971492	0.643035522474627	0.605624759523484	0.566919824999501	0.596431290569753	0.556595534282066	1.85925804048537	1.82731621086082	1.82190892651781	1.80789638108572	1.87026149845751	1.7264382478277	1.76142870253651	1.78479246747253	1.87193853364386	2.09052446082184	1.97402947899526	1.99980641026171	15.6209103926903	15.6587111040316	16.396087340462	16.0750363460193	16.4375081441107	15.7282223613222	14.7928499297945	15.3804978685599	16.6108941106706	18.0260229318967	17.1608409820496	16.7340942622072	15.6727819274648	15.8531649108229	16.0814647523591	15.8336584639402	16.0246731830395	17.9944184290553	16.5415126647708	16.730360813474	17.1781095536878	18.3560144573411	17.5554164169217	16.6307369701718	1.81919579988729	1.89556900613813	1.8552244029109	1.82130134978806	1.93502595541827	1.90590912333235	1.85354382533624	1.9242191571324	1.90460152496513	1.95828779098755	1.98881677903102	2.11420406967004	16.2721832820878	16.8074340413623	16.5451254437604	16.3626179415835	17.1839876328637	16.5937900886828	14.6495180427039	15.4391781021994	16.20919001928	17.0119418317893	15.8447399687257	15.8583829630681	1.80217862354829	1.92339252368064	1.90667142244166	1.96490657213117	1.86752128969704	3.31632588248811	1.74222187314212	1.73733097759763	1.94849685825133	1.80115110239841	1.91254035997034	2.35757665917709	15.7849627374172	16.6366022510416	16.8561663344743	16.7300353708322	15.8291936834277	16.2204561853397	15.3483485235429	14.6298461320061	14.5406181699462	16.4851288129182	15.6561295028507	14.8793088869051
0.501549270257549	0.635366091653386	0.566963800706414	0.51947006128677	0.618565403639847	0.567138845376671	0.51395441115623	0.639134666820027	0.593313481224872	0.567047008359008	0.583108714122762	0.561438378248544	1.87295854139026	1.82772615280381	1.8263943731774	1.80433645880052	1.8784755059274	1.71133830577632	1.76960229287666	1.78914248998524	1.87235848620329	2.06580073419653	1.97008473121214	2.00949406996799	15.6462298382189	15.6997131570705	16.4158091877283	16.0903392543143	16.4373663703387	15.7241451183595	14.7808876242724	15.3955882724713	16.6424979219666	18.0218119772438	17.1301642582702	16.760583296544	15.6935960230502	15.8773514372899	16.128750101239	15.8217778690555	16.0169025574967	18.0135003556825	16.5225582054171	16.7072609067786	17.1543968869409	18.3478853947315	17.5550847095599	16.6119634565742	1.82822768464389	1.89188153887795	1.85564060580555	1.81402340685032	1.93546006107288	1.88761040320519	1.842677927916	1.90555708232962	1.89326932365514	1.95059951058831	1.98926295217269	2.11019818885139	16.2498821560191	16.8153302744713	16.5726492122785	16.3315975570848	17.2067591884071	16.5712282815957	14.6490345834851	15.4732585015033	16.2442478092577	17.0320414053568	15.8482945935083	15.8619406485337	1.78948915043897	1.93215232828984	1.89908620148954	1.95756380823643	1.8526605603027	3.32465182480124	1.72358857528865	1.71455105839549	1.94893398598173	1.79745136843708	1.89581275757432	2.32196600795856	15.7574940140232	16.6149625895468	16.8151711741246	16.7456534663072	15.8366272347491	16.1817140580393	15.3595236984758	14.6448943169912	14.5519221092103	16.4763386403259	15.6683356427145	14.8643467285633
